°­È­ È½¼ö,¼º°ø È½¼ö,½ÇÆÐ È½¼ö
20,12,8
°­È­ È½¼ö,¼º°ø È½¼ö,½ÇÆÐ È½¼ö
33,15,18
°­È­ È½¼ö,¼º°ø È½¼ö,½ÇÆÐ È½¼ö
47,19,28
°­È­ È½¼ö,¼º°ø È½¼ö,½ÇÆÐ È½¼ö
25,12,13
°­È­ È½¼ö,¼º°ø È½¼ö,½ÇÆÐ È½¼ö,°­È­ ·¹º§
21,13,8,7
°­È­ È½¼ö,¼º°ø È½¼ö,½ÇÆÐ È½¼ö,°­È­ ·¹º§
1,0,1,6
°­È­ È½¼ö,¼º°ø È½¼ö,½ÇÆÐ È½¼ö,°­È­ ·¹º§
1,0,1,4
°­È­ È½¼ö,¼º°ø È½¼ö,½ÇÆÐ È½¼ö,°­È­ ·¹º§
1,0,1,5
°­È­ È½¼ö,¼º°ø È½¼ö,½ÇÆÐ È½¼ö,°­È­ ·¹º§
1,0,1,5
°­È­ È½¼ö,¼º°ø È½¼ö,½ÇÆÐ È½¼ö,°­È­ ·¹º§
1,0,1,6
°­È­ È½¼ö,¼º°ø È½¼ö,½ÇÆÐ È½¼ö,°­È­ ·¹º§
1,0,1,5
°­È­ È½¼ö,¼º°ø È½¼ö,½ÇÆÐ È½¼ö,°­È­ ·¹º§
1,0,1,6
°­È­ È½¼ö,¼º°ø È½¼ö,½ÇÆÐ È½¼ö,°­È­ ·¹º§
1,0,1,6
°­È­ È½¼ö,¼º°ø È½¼ö,½ÇÆÐ È½¼ö,°­È­ ·¹º§
1,0,1,6
°­È­ È½¼ö,¼º°ø È½¼ö,½ÇÆÐ È½¼ö,°­È­ ·¹º§
0,0,0,1
°­È­ È½¼ö,¼º°ø È½¼ö,½ÇÆÐ È½¼ö,°­È­ ·¹º§
0,0,0,1
°­È­ È½¼ö,¼º°ø È½¼ö,½ÇÆÐ È½¼ö,°­È­ ·¹º§
0,0,0,2
°­È­ È½¼ö,¼º°ø È½¼ö,½ÇÆÐ È½¼ö,°­È­ ·¹º§
0,0,0,3
°­È­ È½¼ö,¼º°ø È½¼ö,½ÇÆÐ È½¼ö,°­È­ ·¹º§
0,0,0,4
°­È­ È½¼ö,¼º°ø È½¼ö,½ÇÆÐ È½¼ö,°­È­ ·¹º§
0,0,0,4
°­È­ È½¼ö,¼º°ø È½¼ö,½ÇÆÐ È½¼ö,°­È­ ·¹º§
0,0,0,5
°­È­ È½¼ö,¼º°ø È½¼ö,½ÇÆÐ È½¼ö,°­È­ ·¹º§
0,0,0,4
°­È­ È½¼ö,¼º°ø È½¼ö,½ÇÆÐ È½¼ö,°­È­ ·¹º§
0,0,0,4
°­È­ È½¼ö,¼º°ø È½¼ö,½ÇÆÐ È½¼ö,°­È­ ·¹º§
0,0,0,5
°­È­ È½¼ö,¼º°ø È½¼ö,½ÇÆÐ È½¼ö,°­È­ ·¹º§
0,0,0,1
°­È­ È½¼ö,¼º°ø È½¼ö,½ÇÆÐ È½¼ö,°­È­ ·¹º§
0,0,0,6
°­È­ È½¼ö,¼º°ø È½¼ö,½ÇÆÐ È½¼ö,°­È­ ·¹º§
0,0,0,6
°­È­ È½¼ö,¼º°ø È½¼ö,½ÇÆÐ È½¼ö,°­È­ ·¹º§
0,0,0,5
